targetName,center,galaxyName,environment,degreesJ2000RA_DecAGN,degreesJ2000RA_DecGalaxy,likelihood,likelihood_1.5,virialRadius,d^1.5,impactParameter (kpc),redshiftDistances,vcorrGalaxy (km/s),radialVelocity (km/s),vel_diff,distGalaxy (Mpc),AGN S/N,majorAxis (kpc),minorAxis (kpc),inclination (deg),positionAngle (deg),azimuth (deg),RC3flag,RC3type,RC3inc (deg),RC3pa (deg),morphology,final_morphology,galaxyRedshift
RX_J0714.5+7408,2555,UGC03730,4,"('108.65083333333334', '74.1361111111111')","('108.585', '73.47694')",0.0010968848931962756,0.0003642596164497663,184.55485695962207,170.10127277595544,460.3665707242838,x,2790.0,2709.0,154.0,40.0,x,30.7,19.7,50.0,166.0,15.6,169.1,.RING..,-99.99,165.0,x,x,0.009036
RX_J0714.5+7408,2555,UGC03730NED02,4,"('108.65083333333334', '74.1361111111111')","('108.58467', '73.47342')",4.834776711026112e-07,3.0000006391888855e-19,123.2444344281417,70.71217009822284,457.733806602379,x,2809.0,2728.0,173.0,39.56,x,17.1,10.9,50.0,5.0,3.4,-99.99,x,-99.99,-99,Ring,Ring,0.0091
RX_J0714.5+7408,2555,UGC03705,4,"('108.65083333333334', '74.1361111111111')","('108.04654', '73.47061')",1.2533143664726185e-09,3.1923653135540293e-40,104.1603212979098,49.052053983497984,466.6914128035963,x,2766.0,2685.0,130.0,38.95,x,13.4,13.1,11.0,75.0,61.1,82.82,.S?....,-99.99,-99,S?,S?,0.008956
RX_J0714.5+7408,2555,UGC03730NED01,4,"('108.65083333333334', '74.1361111111111')","('108.58571', '73.48064')",8.580380329843748e-11,3.5842655333497684e-54,95.96821197695151,41.05068817937161,453.88964855047794,x,2816.0,2735.0,180.0,39.66,x,11.9,7.9,49.0,160.0,21.6,-99.99,x,-99.99,-99,S0_pec_(Ring_A),S0_pec_(Ring_A),0.009123
